"","x"
"1","AGB"
"2","airtemp"
"3","Albers"
"4","Alfisols"
"5","AOI"
"6","aqp"
"7","areasymbol"
"8","ARS"
"9","bbox"
"10","BBOX"
"11","BD"
"12","Bocinsky"
"13","Bouten"
"14","casoilresource"
"15","cdo"
"16","cementation"
"17","CIE"
"18","CIELAB"
"19","CMD"
"20","CODELABEL"
"21","cokey"
"22","colorchroma"
"23","colorhue"
"24","colormoistst"
"25","colorspace"
"26","colorvalue"
"27","ColumnPhysicalNames"
"28","comonth"
"29","CONUS"
"30","copedon"
"31","cosoilmoist"
"32","CRS"
"33","DataFrame"
"34","datatypeid"
"35","datatypes"
"36","DBH"
"37","dcast"
"38","dismo"
"39","DMU"
"40","doi"
"41","dschlaep"
"42","dsn"
"43","ecosite"
"44","edu"
"45","epsg"
"46","EPSG"
"47","fetchGDB"
"48","fetchHenry"
"49","fetchKSSL"
"50","fetchNASIS"
"51","fetchOSD"
"52","fetchPedonPC"
"53","fetchRaCA"
"54","fetchSCAN"
"55","formatLandformString"
"56","formatParentMaterialString"
"57","fraghard"
"58","fragsize"
"59","fragvol"
"60","fulltext"
"61","GCS"
"62","Genuchten"
"63","geochem"
"64","geochemical"
"65","Geochemical"
"66","geodatabases"
"67","Geodatabases"
"68","geojson"
"69","GeoJSON"
"70","geomorph"
"71","geomorphic"
"72","getHzErrorsPedonPC"
"73","GHCND"
"74","Github"
"75","gnatsgo"
"76","gNATSGO"
"77","gopheridge"
"78","grano"
"79","gridded"
"80","Gridded"
"81","gssurgo"
"82","gSSURGO"
"83","gzip"
"84","hillslope"
"85","horizonation"
"86","http"
"87","https"
"88","HTTPS"
"89","httr"
"90","hz"
"91","ing"
"92","init"
"93","ISSR"
"94","jhydrol"
"95","JMS"
"96","joaquin"
"97","JSON"
"98","jsonlite"
"99","kb"
"100","knitr"
"101","Kosugi"
"102","kPa"
"103","ksat"
"104","KSSL"
"105","landform"
"106","lawr"
"107","LAWR"
"108","Leij"
"109","LIMS"
"110","LKEY"
"111","lng"
"112","loafercreek"
"113","MacOS"
"114","makeChunks"
"115","mapunit"
"116","mapunits"
"117","mdb"
"118","mineralking"
"119","mis"
"120","MLRA"
"121","morphologic"
"122","MSST"
"123","Mualem"
"124","mukey"
"125","MUKEY"
"126","MUKEYs"
"127","MUKEYS"
"128","munsell"
"129","Munsell"
"130","mupolygon"
"131","mutext"
"132","MWST"
"133","NAD"
"134","nasis"
"135","NASIS"
"136","NASISWebReport"
"137","nationalmusym"
"138","ncdc"
"139","NCDC"
"140","NCSS"
"141","Nemes"
"142","nm"
"143","noaa"
"144","NOAA"
"145","npar"
"146","NPS"
"147","nrcs"
"148","NRCS"
"149","nullFragsAreZero"
"150","NULLs"
"151","ODBC"
"152","OSD"
"153","OSDquery"
"154","Paolucci"
"155","pedon"
"156","Pedon"
"157","pedonPC"
"158","PedonPC"
"159","pedons"
"160","Pedons"
"161","pedotransfer"
"162","Pedotransfer"
"163","peiid"
"164","phlabresults"
"165","ponding"
"166","pre"
"167","Proc"
"168","processSDA"
"169","proj"
"170","PROJ"
"171","pscbotdepth"
"172","psctopdepth"
"173","RaCA"
"174","RangeDB"
"175","rcasiteid"
"176","RCurl"
"177","rda"
"178","recalibration"
"179","redoximorphic"
"180","reflectance"
"181","Resour"
"182","returnMorphologicData"
"183","rgb"
"184","rgdal"
"185","rgeos"
"186","rhy"
"187","RMF"
"188","rmHzErrors"
"189","RODBC"
"190","rvest"
"191","san"
"192","sapolygon"
"193","SAR"
"194","Schaap"
"195","Schlaepfer"
"196","SDA"
"197","serializer"
"198","seriesExtent"
"199","seriesExtentAsGmap"
"200","sharpshootR"
"201","simplifyColorData"
"202","simplifyFragmentData"
"203","Skaggs"
"204","SNOTEL"
"205","soilgrids"
"206","SoilGrids"
"207","SoillWeb"
"208","SoilProfileCollection"
"209","soilsurvey"
"210","soiltemp"
"211","soilVWC"
"212","soilweb"
"213","SoilWeb"
"214","sp"
"215","SpatialLines"
"216","SpatialPoints"
"217","SpatialPolygonDataFrame"
"218","SpatialPolygons"
"219","SpatialPolygonsDataFrame"
"220","spatialQuery"
"221","SPC"
"222","SPDF"
"223","SPSD"
"224","sRGB"
"225","SSOAP"
"226","SSURGO"
"227","STATSGO"
"228","STR"
"229","stringsAsFactors"
"230","subtractive"
"231","taxhistory"
"232","taxonname"
"233","th"
"234","timeseries"
"235","UCD"
"236","ucdavis"
"237","un"
"238","uncode"
"239","usda"
"240","util"
"241","Vadose"
"242","vectorization"
"243","vectorized"
"244","VNIR"
"245","vzj"
"246","waterlevel"
"247","wcc"
"248","WCS"
"249","webservice"
"250","WGS"
"251","WKT"
"252","wps"
"253","www"
"254","xmax"
"255","xmin"
"256","XMLSchema"
"257","xrd"
"258","XRD"
"259","ymax"
"260","ymin"
"261","Yonggen"
"262","Zhang"
